[{"ts":"2021-07-30T15:20:08Z","username":"artfromkunst","platform":"Windows 10 (10.0.19042; x64; AppX)","ms_played":20090,"conn_country":"NL","ip_addr_decrypted":"82.171.15.135","user_agent_decrypted":"unknown","master_metadata_track_name":null,"master_metadata_album_artist_name":null,"master_metadata_album_album_name":null,"spotify_track_uri":null,"episode_name":"Welcome to Lyric Mode","episode_show_name":"Spotify","spotify_episode_uri":"spotify:episode:7xb47KBFS60S2SypFK9WPy","reason_start":"clickrow","reason_end":"unexpected-exit","shuffle":false,"skipped":null,"offline":null,"offline_timestamp":null,"incognito_mode":false},{"ts":"2021-12-03T16:15:00Z","username":"artfromkunst","platform":"Windows 10 (10.0.19042; x64; AppX)","ms_played":7407,"conn_country":"NL","ip_addr_decrypted":"84.82.128.144","user_agent_decrypted":"unknown","master_metadata_track_name":null,"master_metadata_album_artist_name":null,"master_metadata_album_album_name":null,"spotify_track_uri":null,"episode_name":"Dua Lipa","episode_show_name":"2021 Wrapped","spotify_episode_uri":"spotify:episode:5In9wJ7E5acQOYziK06lnh","reason_start":"clickrow","reason_end":"trackdone","shuffle":false,"skipped":null,"offline":null,"offline_timestamp":null,"incognito_mode":false},{"ts":"2021-12-26T11:37:00Z","username":"artfromkunst","platform":"Android OS 11 API 30 (OnePlus, AC2003)","ms_played":5391,"conn_country":"NL","ip_addr_decrypted":"84.82.128.144","user_agent_decrypted":"unknown","master_metadata_track_name":null,"master_metadata_album_artist_name":null,"master_metadata_album_album_name":null,"spotify_track_uri":null,"episode_name":"Dua Lipa","episode_show_name":"2021 Wrapped","spotify_episode_uri":"spotify:episode:5In9wJ7E5acQOYziK06lnh","reason_start":"clickrow","reason_end":"endplay","shuffle":false,"skipped":null,"offline":null,"offline_timestamp":null,"incognito_mode":false},{"ts":"2021-12-26T11:37:05Z","username":"artfromkunst","platform":"Android OS 11 API 30 (OnePlus, AC2003)","ms_played":1184,"conn_country":"NL","ip_addr_decrypted":"84.82.128.144","user_agent_decrypted":"unknown","master_metadata_track_name":null,"master_metadata_album_artist_name":null,"master_metadata_album_album_name":null,"spotify_track_uri":null,"episode_name":"Ed Sheeran","episode_show_name":"2021 Wrapped","spotify_episode_uri":"spotify:episode:6tivcx96Pa5Inn9fPvaCOh","reason_start":"clickrow","reason_end":"endplay","shuffle":false,"skipped":null,"offline":null,"offline_timestamp":null,"incognito_mode":false},{"ts":"2022-12-13T20:51:52Z","username":"artfromkunst","platform":"android","ms_played":0,"conn_country":"NL","ip_addr_decrypted":"45.84.41.103","user_agent_decrypted":null,"master_metadata_track_name":null,"master_metadata_album_artist_name":null,"master_metadata_album_album_name":null,"spotify_track_uri":null,"episode_name":"#1907 - Protect Our Parks 6","episode_show_name":"The Joe Rogan Experience","spotify_episode_uri":"spotify:episode:0XyIpXYq28b8uAhjX7Rt18","reason_start":"remote","reason_end":"endplay","shuffle":false,"skipped":true,"offline":null,"offline_timestamp":0,"incognito_mode":false},{"ts":"2023-07-11T18:54:03Z","username":"artfromkunst","platform":"linux","ms_played":250260,"conn_country":"NL","ip_addr_decrypted":"95.98.234.85","user_agent_decrypted":null,"master_metadata_track_name":null,"master_metadata_album_artist_name":null,"master_metadata_album_album_name":null,"spotify_track_uri":null,"episode_name":"King of the Bongo Switch Techno ","episode_show_name":"Anuncio Thea Bastet Club Voleyball Inclusivo","spotify_episode_uri":"spotify:episode:1gJprT4ZkHQY4BAlWjvLWi","reason_start":"trackdone","reason_end":"unexpected-exit","shuffle":false,"skipped":false,"offline":null,"offline_timestamp":0,"incognito_mode":false}]